OBJECTID,ID_0,ISO,NAME_0,ID_1,NAME_1,TYPE_1,ENGTYPE_1,NL_NAME_1,VARNAME_1,ABB
1,105,IND,India,1,A & N Islands,Union Territor,Union Territory,NA,Andaman & Nicobar Islands|Andaman et Nicobar|Iihas de Andama e Nicobar|Inseln Andamanen und Nikobare,AN
2,105,IND,India,2,Andhra Pradesh,State,State,NA,NA,AP
3,105,IND,India,3,Arunachal Pradesh,State,State,NA,Agence de la Frontière du Nord-Est(French-obsolete)|North East Frontier Agency,AR
4,105,IND,India,4,Assam,State,State,NA,NA,AS
5,105,IND,India,5,Bihar,State,State,NA,NA,BR
6,105,IND,India,6,Chandigarh,Union Territor,Union Territory,NA,NA,CH
7,105,IND,India,7,Chhattisgarh,State,State,NA,NA,CG
8,105,IND,India,8,Dadra and Nagar Haveli,Union Territor,Union Territory,NA,DAdra et Nagar Haveli|Dadra e Nagar Haveli,DH
9,105,IND,India,9,Daman and Diu,Union Territor,Union Territory,NA,NA,DD
10,105,IND,India,10,Delhi (Ut),Union Territor,Union Territory,NA,NA,DL
11,105,IND,India,11,Goa,State,State,NA,Gôa,GA
12,105,IND,India,12,Gujarat,State,State,NA,Goudjerate|Gujerat|Gujerate,GJ
13,105,IND,India,13,Haryana,State,State,NA,NA,HR
14,105,IND,India,14,Himachal Pradesh,Union Territor,Union Territory,NA,NA,HP
15,105,IND,India,15,Jammu & Kashmir,State,State,NA,NA,JK
16,105,IND,India,16,Jharkhand,State,State,NA,Vananchal,JH
17,105,IND,India,17,Karnataka,State,State,NA,Maisur|Mysore,KA
18,105,IND,India,18,Kerala,State,State,NA,NA,KL
19,105,IND,India,19,Lakshadweep,Union Territor,Union Territory,NA,Íles Laquedives|Laccadive|Minicoy and Amindivi Islands|Laccadives|Lackadiverna|Lakkadiven|Lakkadi,LD
20,105,IND,India,20,Madhya Pradesh,State,State,NA,NA,MP
21,105,IND,India,21,Maharashtra,State,State,NA,NA,MH
22,105,IND,India,22,Manipur,State,State,NA,NA,MN
23,105,IND,India,23,Meghalaya,State,State,NA,NA,ML
24,105,IND,India,24,Mizoram,State,State,NA,NA,MZ
25,105,IND,India,25,Nagaland,State,State,NA,NA,NL
26,105,IND,India,26,Orissa,State,State,NA,NA,OR
27,105,IND,India,27,Puducherry,Union Territor,Union Territory,NA,Pondicherry|Puduchcheri|Pondichéry,PY
28,105,IND,India,28,Punjab,State,State,NA,NA,PB
29,105,IND,India,29,Rajasthan,State,State,NA,Greater Rajasthan|Rajputana,RJ
30,105,IND,India,30,Sikkim,State,State,NA,NA,SK
31,105,IND,India,31,Tamil Nadu,State,State,NA,Madras|Tamilnad,TN
32,105,IND,India,32,Telangana,State,State,NA,NA,TG
33,105,IND,India,33,Tripura,State,State,NA,NA,TR
34,105,IND,India,34,Uttar Pradesh,State,State,NA,United Provinces,UP
35,105,IND,India,35,Uttaranchal,State,State,NA,Uttarakhand,UK
36,105,IND,India,36,West Bengal,State,State,NA,Bangla|Bengala Occidentale|Bengala Ocidental|Bengale occidental,WB
